タイムスタンプ,"あなたが普段使っているアバターを1つ教えて下さい
※改変している場合は改変元を教えて下さい",一番好きなアバター(推しアバター)を1つ教えて下さい,好みの身長タイプを教えて下さい,以下の特徴タグから、「好き」「魅力を感じる」と思うものを最大5つ選んでください
2025/12/08 09:53:24,dummy,dummy,130~160cm,"ツインテール , 動物 , 帽子"
2025/12/08 09:58:24,dummy,dummy,100~130cm,"武装 , ロングヘア , メカ , ショートパンツ , ポニーテール"
2025/12/08 10:03:24,dummy,dummy,160cm~,"ケモノ , 武装 , 動物 , チャイナ服"
2025/12/08 10:08:24,dummy,dummy,~100cm,"モンスター , ケモノ , しっぽ , ミリタリー服"
2025/12/08 10:13:24,dummy,dummy,100~130cm,"ギザ歯 , スカート"
2025/12/08 10:18:24,dummy,dummy,130~160cm,"ツインテール , 動物"
2025/12/08 10:23:24,dummy,dummy,160cm~,"ジャージ , 帽子 , パンクファッション , メカ"
2025/12/08 10:28:24,dummy,dummy,160cm~,"モンスター , 動物 , ケモノ"
2025/12/08 10:33:24,dummy,dummy,160cm~,"ゴスファッション , スカート , ロングヘア , ポニーテール"
2025/12/08 10:38:24,dummy,dummy,160cm~,"ワンピース , ジャージ , ショートヘア , メガネ"
2025/12/08 10:43:24,dummy,dummy,~100cm,"ケモ耳 , モンスター , 帽子 , メガネ"
2025/12/08 10:48:24,dummy,dummy,130~160cm,"ケモノ , 武装 , ショートパンツ , メカ"
2025/12/08 10:53:24,dummy,dummy,~100cm,"和服 , 武装 , ゴスファッション , ショートヘア"
2025/12/08 10:58:24,dummy,dummy,130~160cm,"ポニーテール , ギザ歯 , ゴスファッション , 褐色"
2025/12/08 11:03:24,dummy,dummy,~100cm,"羽 , ケモノ , セミロングヘア , メカ"
2025/12/08 11:08:24,dummy,dummy,100~130cm,"メカ , モンスター , ロングヘア , 褐色 , ゴスファッション"
2025/12/08 11:13:24,dummy,dummy,160cm~,"ツインテール , 動物 , ロングヘア , ショートヘア , メカ"
2025/12/08 11:18:24,dummy,dummy,160cm~,"しっぽ , ショートパンツ , 帽子 , スカート"
2025/12/08 11:23:24,dummy,dummy,~100cm,"動物 , ギザ歯 , ケモ耳 , ロングパンツ"
2025/12/08 11:28:24,dummy,dummy,100~130cm,"ワンピース , ツインテール"
2025/12/08 11:33:24,dummy,dummy,160cm~,"ケモノ , ファンタジー"
2025/12/08 11:38:24,dummy,dummy,160cm~,"モンスター , ポニーテール , 羽"
2025/12/08 11:43:24,dummy,dummy,100~130cm,"ミリタリー服 , ツノ"
2025/12/08 11:48:24,dummy,dummy,100~130cm,"ケモ耳 , ロングヘア"
2025/12/08 11:53:24,dummy,dummy,~100cm,"ギザ歯 , ケモノ , しっぽ , メカ"
2025/12/08 11:58:24,dummy,dummy,~100cm,"ミリタリー服 , メカ , 帽子 , ポニーテール"
2025/12/08 12:03:24,dummy,dummy,130~160cm,"ケモ耳 , セミロングヘア , ケモノ , チャイナ服 , ツノ"
2025/12/08 12:08:24,dummy,dummy,~100cm,"しっぽ , モンスター , ポニーテール , ケモノ"
2025/12/08 12:13:24,dummy,dummy,130~160cm,"ジャージ , パンクファッション , ショートパンツ , 褐色 , セミロングヘア"
2025/12/08 12:18:24,dummy,dummy,160cm~,"ロングパンツ , チャイナ服 , Sci-Fi , ケモノ , メガネ"
2025/12/08 12:23:24,dummy,dummy,130~160cm,"ロングパンツ , ショートヘア , モンスター , 帽子"
2025/12/08 12:28:24,dummy,dummy,100~130cm,"ツノ , ショートパンツ , ケモノ"
2025/12/08 12:33:24,dummy,dummy,160cm~,"帽子 , ファンタジー , ケモノ , セミロングヘア"
2025/12/08 12:38:24,dummy,dummy,130~160cm,"メガネ , しっぽ"
2025/12/08 12:43:24,dummy,dummy,~100cm,"ミリタリー服 , セミロングヘア , ゴスファッション"
2025/12/08 12:48:24,dummy,dummy,~100cm,"和服 , スカート , ロングヘア , ショートヘア , 動物"
2025/12/08 12:53:24,dummy,dummy,~100cm,"ショートパンツ , モンスター , ファンタジー , ロングヘア"
2025/12/08 12:58:24,dummy,dummy,130~160cm,"ポニーテール , ロングパンツ , モンスター , 羽"
2025/12/08 13:03:24,dummy,dummy,~100cm,"ツインテール , ミリタリー服 , メカ"
2025/12/08 13:08:24,dummy,dummy,130~160cm,"ワンピース , メカ , ショートヘア"
2025/12/08 13:13:24,dummy,dummy,100~130cm,"Sci-Fi , 帽子"
2025/12/08 13:18:24,dummy,dummy,100~130cm,"メカ , チャイナ服 , スカート , 動物"
2025/12/08 13:23:24,dummy,dummy,160cm~,"ケモノ , 褐色 , メガネ , チャイナ服"
2025/12/08 13:28:24,dummy,dummy,~100cm,"ロングヘア , セミロングヘア"
2025/12/08 13:33:24,dummy,dummy,160cm~,"羽 , ツインテール"
2025/12/08 13:38:24,dummy,dummy,100~130cm,"ツインテール , 褐色 , 動物 , しっぽ"
2025/12/08 13:43:24,dummy,dummy,160cm~,"ツインテール , 武装 , ケモノ , メカ , ギザ歯"
2025/12/08 13:48:24,dummy,dummy,~100cm,"メイド服 , ケモノ , しっぽ , 帽子 , ロングパンツ"
2025/12/08 13:53:24,dummy,dummy,~100cm,"ケモノ , ショートヘア , 武装"
2025/12/08 13:58:24,dummy,dummy,160cm~,"チャイナ服 , モンスター , パンクファッション , 動物 , ケモ耳"
2025/12/08 14:03:24,dummy,dummy,~100cm,"褐色 , メガネ , ロングヘア"
2025/12/08 14:08:24,dummy,dummy,160cm~,"しっぽ , メカ , ツノ , モンスター"
2025/12/08 14:13:24,dummy,dummy,100~130cm,"褐色 , しっぽ , メカ , Sci-Fi"
2025/12/08 14:18:24,dummy,dummy,160cm~,"メカ , ショートヘア"
2025/12/08 14:23:24,dummy,dummy,130~160cm,"メカ , ショートヘア , 羽"
2025/12/08 14:28:24,dummy,dummy,100~130cm,"セミロングヘア , メカ , ショートパンツ"
2025/12/08 14:33:24,dummy,dummy,~100cm,"帽子 , 動物 , ギザ歯 , ショートパンツ , メガネ"
2025/12/08 14:38:24,dummy,dummy,130~160cm,"武装 , モンスター , 動物 , ロングヘア , チャイナ服"
2025/12/08 14:43:24,dummy,dummy,~100cm,"羽 , ケモノ"
2025/12/08 14:48:24,dummy,dummy,130~160cm,"ポニーテール , ツインテール , ワンピース , ケモ耳 , ケモノ"
2025/12/08 14:53:24,dummy,dummy,130~160cm,"ツインテール , ジャージ"
2025/12/08 14:58:24,dummy,dummy,130~160cm,"しっぽ , 武装"
2025/12/08 15:03:24,dummy,dummy,~100cm,"ロリータファッション , ロングヘア , 和服"
2025/12/08 15:08:24,dummy,dummy,160cm~,"ロリータファッション , ロングヘア , パンクファッション , セミロングヘア , ケモノ"
2025/12/08 15:13:24,dummy,dummy,100~130cm,"メカ , ゴスファッション"
2025/12/08 15:18:24,dummy,dummy,~100cm,"ツノ , ポニーテール"
2025/12/08 15:23:24,dummy,dummy,100~130cm,"ショートパンツ , ツノ , モンスター , ショートヘア"
2025/12/08 15:28:24,dummy,dummy,130~160cm,"ケモ耳 , ケモノ , ツノ , Sci-Fi , 羽"
2025/12/08 15:33:24,dummy,dummy,100~130cm,"羽 , ケモノ , 帽子 , メガネ"
2025/12/08 15:38:24,dummy,dummy,160cm~,"ショートパンツ , 動物"
2025/12/08 15:43:24,dummy,dummy,160cm~,"メカ , ケモノ"
2025/12/08 15:48:24,dummy,dummy,~100cm,"チャイナ服 , メガネ , 動物 , ロリータファッション , スカート"
2025/12/08 15:53:24,dummy,dummy,100~130cm,"ロングパンツ , ワンピース , 動物"
2025/12/08 15:58:24,dummy,dummy,100~130cm,"チャイナ服 , しっぽ , ケモ耳 , ロングヘア"
2025/12/08 16:03:24,dummy,dummy,~100cm,"ショートヘア , 動物 , ロングヘア , ギザ歯 , メイド服"
2025/12/08 16:08:24,dummy,dummy,160cm~,"メガネ , ケモノ , ギザ歯 , ツノ , ロングヘア"
2025/12/08 16:13:24,dummy,dummy,160cm~,"しっぽ , メカ"
2025/12/08 16:18:24,dummy,dummy,100~130cm,"ポニーテール , ツインテール , ミリタリー服"
2025/12/08 16:23:24,dummy,dummy,~100cm,"褐色 , ツインテール , ファンタジー , ロングヘア , ツノ"
2025/12/08 16:28:24,dummy,dummy,160cm~,"ポニーテール , 動物 , ショートヘア"
2025/12/08 16:33:24,dummy,dummy,160cm~,"ポニーテール , ミリタリー服"
2025/12/08 16:38:24,dummy,dummy,100~130cm,"ロングヘア , ツノ"
2025/12/08 16:43:24,dummy,dummy,100~130cm,"武装 , メガネ , スカート , パンクファッション"
2025/12/08 16:48:24,dummy,dummy,~100cm,"ゴスファッション , しっぽ"
2025/12/08 16:53:24,dummy,dummy,~100cm,"褐色 , ケモノ"
2025/12/08 16:58:24,dummy,dummy,130~160cm,"セミロングヘア , ジャージ , 褐色 , ケモノ"
2025/12/08 17:03:24,dummy,dummy,~100cm,"セミロングヘア , 帽子 , スカート , ツインテール , ケモノ"
2025/12/08 17:08:24,dummy,dummy,160cm~,"動物 , ミリタリー服 , Sci-Fi , セミロングヘア , ギザ歯"
2025/12/08 17:13:24,dummy,dummy,~100cm,"セミロングヘア , ギザ歯 , 動物 , ショートヘア"
2025/12/08 17:18:24,dummy,dummy,~100cm,"ツインテール , メイド服 , 動物 , ワンピース , ショートヘア"
2025/12/08 17:23:24,dummy,dummy,100~130cm,"ファンタジー , 動物 , 羽 , ロリータファッション"
2025/12/08 17:28:24,dummy,dummy,100~130cm,"ロリータファッション , ロングヘア , モンスター"
2025/12/08 17:33:24,dummy,dummy,160cm~,"動物 , 褐色 , 羽"
2025/12/08 17:38:24,dummy,dummy,130~160cm,"ミリタリー服 , ポニーテール"
2025/12/08 17:43:24,dummy,dummy,160cm~,"しっぽ , セミロングヘア , ジャージ"
2025/12/08 17:48:24,dummy,dummy,160cm~,"ツインテール , パンクファッション"
2025/12/08 17:53:24,dummy,dummy,160cm~,"動物 , セミロングヘア , メカ , Sci-Fi"
2025/12/08 17:58:24,dummy,dummy,100~130cm,"ショートヘア , ファンタジー"
2025/12/08 18:03:24,dummy,dummy,130~160cm,"ジャージ , ミリタリー服 , ギザ歯"
2025/12/08 18:08:24,dummy,dummy,130~160cm,"モンスター , ケモノ , 褐色 , ツインテール"
